Assembly Accession,Assembly-unit accession,chrom,GC Count,GC Percent,GenBank seq accession,Molecule type,Ordering,RefSeq seq accession,Role,Seq length,UCSC style name,Unlocalized Count,Sequence name
GCA_037013685.1,Primary Assembly,1,45455077,39.5,CM072884.1,Chromosome,,,assembled-molecule,115054314,,,Superscaffold_chr1
GCA_037013685.1,Primary Assembly,1A,29157762,40,CM072885.1,Chromosome,,,assembled-molecule,72486765,,,Superscaffold_chr1A
GCA_037013685.1,Primary Assembly,2,59336760,39.5,CM072886.1,Chromosome,,,assembled-molecule,150861042,,1,Superscaffold_chr2
GCA_037013685.1,Primary Assembly,3,44888868,40,CM072887.1,Chromosome,,,assembled-molecule,112525689,,,Superscaffold_chr3
GCA_037013685.1,Primary Assembly,4,28615505,39.5,CM072888.1,Chromosome,,,assembled-molecule,72165680,,,Superscaffold_chr4
GCA_037013685.1,Primary Assembly,4A,9042878,44,CM072889.1,Chromosome,,,assembled-molecule,20560723,,,Superscaffold_chr4A
GCA_037013685.1,Primary Assembly,5a,5788431,42.5,CM072890.1,Chromosome,,,assembled-molecule,13625367,,,Superscaffold_chr5a
GCA_037013685.1,Primary Assembly,5b,8642150,40,CM072891.1,Chromosome,,,assembled-molecule,21483237,,,Superscaffold_chr5b
GCA_037013685.1,Primary Assembly,5c,10922420,41.5,CM072892.1,Chromosome,,,assembled-molecule,26274682,,,Superscaffold_chr5c
GCA_037013685.1,Primary Assembly,6,15244406,42,CM072893.1,Chromosome,,,assembled-molecule,36257585,,,Superscaffold_chr6
GCA_037013685.1,Primary Assembly,7,15696728,41.5,CM072894.1,Chromosome,,,assembled-molecule,38000284,,,Superscaffold_chr7
GCA_037013685.1,Primary Assembly,8,13499877,42.5,CM072895.1,Chromosome,,,assembled-molecule,31780390,,,Superscaffold_chr8
GCA_037013685.1,Primary Assembly,9,11084331,43,CM072896.1,Chromosome,,,assembled-molecule,25638847,,,Superscaffold_chr9
GCA_037013685.1,Primary Assembly,10,9700427,44,CM072897.1,Chromosome,,,assembled-molecule,22131633,,,Superscaffold_chr10
GCA_037013685.1,Primary Assembly,11,8905279,43,CM072898.1,Chromosome,,,assembled-molecule,20695176,,,Superscaffold_chr11
GCA_037013685.1,Primary Assembly,12,9117863,44,CM072899.1,Chromosome,,,assembled-molecule,20683568,,,Superscaffold_chr12
GCA_037013685.1,Primary Assembly,13,8499282,45,CM072900.1,Chromosome,,,assembled-molecule,18880654,,,Superscaffold_chr13
GCA_037013685.1,Primary Assembly,14,6792065,45,CM072901.1,Chromosome,,,assembled-molecule,15062546,,,Superscaffold_chr14
GCA_037013685.1,Primary Assembly,15,6544811,47,CM072902.1,Chromosome,,,assembled-molecule,13988645,,,Superscaffold_chr15
GCA_037013685.1,Primary Assembly,16,194464,46,CM072903.1,Chromosome,,,assembled-molecule,421383,,,Superscaffold_chr16
GCA_037013685.1,Primary Assembly,17,5458391,48.5,CM072904.1,Chromosome,,,assembled-molecule,11205909,,,Superscaffold_chr17
GCA_037013685.1,Primary Assembly,18,5716457,47.5,CM072905.1,Chromosome,,,assembled-molecule,12012761,,,Superscaffold_chr18
GCA_037013685.1,Primary Assembly,19,5294813,47.5,CM072906.1,Chromosome,,,assembled-molecule,11104981,,,Superscaffold_chr19
GCA_037013685.1,Primary Assembly,20,6855479,46.5,CM072907.1,Chromosome,,,assembled-molecule,14665733,,,Superscaffold_chr20
GCA_037013685.1,Primary Assembly,21,3878370,48,CM072908.1,Chromosome,,,assembled-molecule,8045593,,,Superscaffold_chr21
GCA_037013685.1,Primary Assembly,22,2714689,50.5,CM072909.1,Chromosome,,,assembled-molecule,5350318,,,Superscaffold_chr22
GCA_037013685.1,Primary Assembly,23,3601935,51.5,CM072910.1,Chromosome,,,assembled-molecule,7012162,,,Superscaffold_chr23
GCA_037013685.1,Primary Assembly,24,3615684,49.5,CM072911.1,Chromosome,,,assembled-molecule,7289412,,,Superscaffold_chr24
GCA_037013685.1,Primary Assembly,25,1905342,55.5,CM072912.1,Chromosome,,,assembled-molecule,3419411,,,Superscaffold_chr25
GCA_037013685.1,Primary Assembly,26,3588119,52,CM072913.1,Chromosome,,,assembled-molecule,6882709,,,Superscaffold_chr26
GCA_037013685.1,Primary Assembly,27,3153005,51.5,CM072914.1,Chromosome,,,assembled-molecule,6103365,,,Superscaffold_chr27
GCA_037013685.1,Primary Assembly,29,1873623,55.5,CM072915.1,Chromosome,,,assembled-molecule,3374684,,,Superscaffold_chr29
GCA_037013685.1,Primary Assembly,30,1296439,56.5,CM072916.1,Chromosome,,,assembled-molecule,2295591,,3,Superscaffold_chr30
GCA_037013685.1,Primary Assembly,31,639810,63,CM072917.1,Chromosome,,,assembled-molecule,1017340,,2,Superscaffold_chr31
GCA_037013685.1,Primary Assembly,32,635533,53.5,CM072918.1,Chromosome,,,assembled-molecule,1185568,,1,Superscaffold_chr32
GCA_037013685.1,Primary Assembly,Z,32456302,40.5,CM072919.1,Chromosome,,,assembled-molecule,80029777,,,Superscaffold_chrZ
GCA_037013685.1,Primary Assembly,2,,,JAQOXP010000037.1,Chromosome,,,unlocalized-scaffold,683526,,1,Scaffold_chr2_unplacedseq1
GCA_037013685.1,Primary Assembly,30,,,JAQOXP010000038.1,Chromosome,,,unlocalized-scaffold,424599,,3,Scaffold_chr30_unplacedseq1
GCA_037013685.1,Primary Assembly,30,,,JAQOXP010000039.1,Chromosome,,,unlocalized-scaffold,451046,,3,Scaffold_chr30_unplacedseq2
GCA_037013685.1,Primary Assembly,30,,,JAQOXP010000040.1,Chromosome,,,unlocalized-scaffold,82241,,3,Scaffold_chr30_unplacedseq3
GCA_037013685.1,Primary Assembly,31,,,JAQOXP010000041.1,Chromosome,,,unlocalized-scaffold,454118,,2,Scaffold_chr31_unplacedseq2
GCA_037013685.1,Primary Assembly,31,,,JAQOXP010000043.1,Chromosome,,,unlocalized-scaffold,190779,,2,Scaffold_chr31_unplacedseq1
GCA_037013685.1,Primary Assembly,32,,,JAQOXP010000042.1,Chromosome,,,unlocalized-scaffold,422444,,1,Scaffold_chr32_unplacedseq3
GCA_037013685.1,Primary Assembly,33,,,JAQOXP010000044.1,Chromosome,,,unlocalized-scaffold,587525,,2,Scaffold_chr33_unplacedseq1
GCA_037013685.1,Primary Assembly,33,,,JAQOXP010000045.1,Chromosome,,,unlocalized-scaffold,639955,,2,Scaffold_chr33_unplacedseq2
GCA_037013685.1,Primary Assembly,34,,,JAQOXP010000046.1,Chromosome,,,unlocalized-scaffold,471152,,2,Scaffold_chr34_unplacedseq1
GCA_037013685.1,Primary Assembly,34,,,JAQOXP010000047.1,Chromosome,,,unlocalized-scaffold,1307040,,2,Scaffold_chr34_unplacedseq2
GCA_037013685.1,Primary Assembly,35,,,JAQOXP010000048.1,Chromosome,,,unlocalized-scaffold,196039,,2,Scaffold_chr35_unplacedseq1
GCA_037013685.1,Primary Assembly,35,,,JAQOXP010000049.1,Chromosome,,,unlocalized-scaffold,348491,,2,Scaffold_chr35_unplacedseq2
GCA_037013685.1,Primary Assembly,36,,,JAQOXP010000050.1,Chromosome,,,unlocalized-scaffold,233648,,3,Scaffold_chr36_unplacedseq1
GCA_037013685.1,Primary Assembly,36,,,JAQOXP010000051.1,Chromosome,,,unlocalized-scaffold,922987,,3,Scaffold_chr36_unplacedseq2
GCA_037013685.1,Primary Assembly,36,,,JAQOXP010000052.1,Chromosome,,,unlocalized-scaffold,134239,,3,Scaffold_chr36_unplacedseq3
GCA_037013685.1,Primary Assembly,37,,,JAQOXP010000053.1,Chromosome,,,unlocalized-scaffold,739589,,4,Scaffold_chr37_unplacedseq1
GCA_037013685.1,Primary Assembly,37,,,JAQOXP010000054.1,Chromosome,,,unlocalized-scaffold,233119,,4,Scaffold_chr37_unplacedseq2
GCA_037013685.1,Primary Assembly,37,,,JAQOXP010000055.1,Chromosome,,,unlocalized-scaffold,647523,,4,Scaffold_chr37_unplacedseq3
GCA_037013685.1,Primary Assembly,37,,,JAQOXP010000056.1,Chromosome,,,unlocalized-scaffold,315676,,4,Scaffold_chr37_unplacedseq4
GCA_037013685.1,Primary Assembly,Un,,,JAQOXP010000057.1,Chromosome,,,unplaced-scaffold,113037,,,Scaffold_unplaced_1
GCA_037013685.1,Primary Assembly,Un,,,JAQOXP010000058.1,Chromosome,,,unplaced-scaffold,74787,,,Scaffold_unplaced_2
GCA_037013685.1,Primary Assembly,Un,,,JAQOXP010000059.1,Chromosome,,,unplaced-scaffold,65640,,,Scaffold_unplaced_3
GCA_037013685.1,Primary Assembly,Un,,,JAQOXP010000060.1,Chromosome,,,unplaced-scaffold,30344,,,Scaffold_unplaced_4
GCA_037013685.1,Primary Assembly,Un,,,JAQOXP010000061.1,Chromosome,,,unplaced-scaffold,29984,,,Scaffold_unplaced_5
GCA_037013685.1,Primary Assembly,Un,,,JAQOXP010000062.1,Chromosome,,,unplaced-scaffold,23215,,,Scaffold_unplaced_6
GCA_037013685.1,Primary Assembly,Un,,,JAQOXP010000063.1,Chromosome,,,unplaced-scaffold,22907,,,Scaffold_unplaced_7
GCA_037013685.1,Primary Assembly,Un,,,JAQOXP010000064.1,Chromosome,,,unplaced-scaffold,9374,,,Scaffold_unplaced_8
GCA_037013685.1,Primary Assembly,Un,,,JAQOXP010000065.1,Chromosome,,,unplaced-scaffold,8990,,,Scaffold_unplaced_9
GCA_037013685.1,Primary Assembly,Un,,,JAQOXP010000066.1,Chromosome,,,unplaced-scaffold,3701,,,Scaffold_unplaced_10
GCA_037013685.1,Primary Assembly,Un,,,JAQOXP010000067.1,Chromosome,,,unplaced-scaffold,1428,,,Scaffold_unplaced_11
GCA_037013685.1,Primary Assembly,Un,,,JAQOXP010000068.1,Chromosome,,,unplaced-scaffold,1215,,,Scaffold_unplaced_12
GCA_037013685.1,Primary Assembly,Un,,,JAQOXP010000069.1,Chromosome,,,unplaced-scaffold,188252,,,Scaffold_unplaced_13
GCA_037013685.1,Primary Assembly,Un,,,JAQOXP010000070.1,Chromosome,,,unplaced-scaffold,49015,,,Contig_unplaced_1
GCA_037013685.1,Primary Assembly,Un,,,JAQOXP010000071.1,Chromosome,,,unplaced-scaffold,42316,,,Contig_unplaced_2
GCA_037013685.1,Primary Assembly,Un,,,JAQOXP010000072.1,Chromosome,,,unplaced-scaffold,36437,,,Contig_unplaced_3
GCA_037013685.1,Primary Assembly,Un,,,JAQOXP010000073.1,Chromosome,,,unplaced-scaffold,30599,,,Contig_unplaced_4
GCA_037013685.1,Primary Assembly,Un,,,JAQOXP010000074.1,Chromosome,,,unplaced-scaffold,30235,,,Contig_unplaced_5
GCA_037013685.1,Primary Assembly,Un,,,JAQOXP010000075.1,Chromosome,,,unplaced-scaffold,27346,,,Contig_unplaced_6
GCA_037013685.1,Primary Assembly,Un,,,JAQOXP010000076.1,Chromosome,,,unplaced-scaffold,25206,,,Contig_unplaced_7
GCA_037013685.1,Primary Assembly,Un,,,JAQOXP010000077.1,Chromosome,,,unplaced-scaffold,22448,,,Contig_unplaced_8
GCA_037013685.1,Primary Assembly,Un,,,JAQOXP010000078.1,Chromosome,,,unplaced-scaffold,21802,,,Contig_unplaced_9
GCA_037013685.1,Primary Assembly,Un,,,JAQOXP010000079.1,Chromosome,,,unplaced-scaffold,19099,,,Contig_unplaced_10
GCA_037013685.1,Primary Assembly,Un,,,JAQOXP010000080.1,Chromosome,,,unplaced-scaffold,19078,,,Contig_unplaced_11
GCA_037013685.1,Primary Assembly,Un,,,JAQOXP010000081.1,Chromosome,,,unplaced-scaffold,19028,,,Contig_unplaced_12
GCA_037013685.1,Primary Assembly,Un,,,JAQOXP010000082.1,Chromosome,,,unplaced-scaffold,15524,,,Contig_unplaced_13
GCA_037013685.1,Primary Assembly,Un,,,JAQOXP010000083.1,Chromosome,,,unplaced-scaffold,15058,,,Contig_unplaced_14
GCA_037013685.1,Primary Assembly,Un,,,JAQOXP010000084.1,Chromosome,,,unplaced-scaffold,14594,,,Contig_unplaced_15
GCA_037013685.1,Primary Assembly,Un,,,JAQOXP010000085.1,Chromosome,,,unplaced-scaffold,14590,,,Contig_unplaced_16
GCA_037013685.1,Primary Assembly,Un,,,JAQOXP010000086.1,Chromosome,,,unplaced-scaffold,13856,,,Contig_unplaced_17
GCA_037013685.1,Primary Assembly,Un,,,JAQOXP010000087.1,Chromosome,,,unplaced-scaffold,13849,,,Contig_unplaced_18
GCA_037013685.1,Primary Assembly,Un,,,JAQOXP010000088.1,Chromosome,,,unplaced-scaffold,12123,,,Contig_unplaced_19
GCA_037013685.1,Primary Assembly,Un,,,JAQOXP010000089.1,Chromosome,,,unplaced-scaffold,11706,,,Contig_unplaced_20
GCA_037013685.1,Primary Assembly,Un,,,JAQOXP010000090.1,Chromosome,,,unplaced-scaffold,11606,,,Contig_unplaced_21
GCA_037013685.1,Primary Assembly,Un,,,JAQOXP010000091.1,Chromosome,,,unplaced-scaffold,10248,,,Contig_unplaced_22
GCA_037013685.1,Primary Assembly,Un,,,JAQOXP010000092.1,Chromosome,,,unplaced-scaffold,9962,,,Contig_unplaced_23
GCA_037013685.1,Primary Assembly,Un,,,JAQOXP010000093.1,Chromosome,,,unplaced-scaffold,9473,,,Contig_unplaced_24
GCA_037013685.1,Primary Assembly,Un,,,JAQOXP010000094.1,Chromosome,,,unplaced-scaffold,9381,,,Contig_unplaced_25
GCA_037013685.1,Primary Assembly,Un,,,JAQOXP010000095.1,Chromosome,,,unplaced-scaffold,9311,,,Contig_unplaced_26
GCA_037013685.1,Primary Assembly,Un,,,JAQOXP010000096.1,Chromosome,,,unplaced-scaffold,9080,,,Contig_unplaced_27
GCA_037013685.1,Primary Assembly,Un,,,JAQOXP010000097.1,Chromosome,,,unplaced-scaffold,8399,,,Contig_unplaced_28
GCA_037013685.1,Primary Assembly,Un,,,JAQOXP010000098.1,Chromosome,,,unplaced-scaffold,7565,,,Contig_unplaced_29
GCA_037013685.1,Primary Assembly,Un,,,JAQOXP010000099.1,Chromosome,,,unplaced-scaffold,6953,,,Contig_unplaced_30
GCA_037013685.1,Primary Assembly,Un,,,JAQOXP010000100.1,Chromosome,,,unplaced-scaffold,6760,,,Contig_unplaced_31
GCA_037013685.1,Primary Assembly,Un,,,JAQOXP010000101.1,Chromosome,,,unplaced-scaffold,6706,,,Contig_unplaced_32
GCA_037013685.1,Primary Assembly,Un,,,JAQOXP010000102.1,Chromosome,,,unplaced-scaffold,6538,,,Contig_unplaced_33
GCA_037013685.1,Primary Assembly,Un,,,JAQOXP010000103.1,Chromosome,,,unplaced-scaffold,6526,,,Contig_unplaced_34
GCA_037013685.1,Primary Assembly,Un,,,JAQOXP010000104.1,Chromosome,,,unplaced-scaffold,6381,,,Contig_unplaced_35
GCA_037013685.1,Primary Assembly,Un,,,JAQOXP010000105.1,Chromosome,,,unplaced-scaffold,5818,,,Contig_unplaced_36
GCA_037013685.1,Primary Assembly,Un,,,JAQOXP010000106.1,Chromosome,,,unplaced-scaffold,5782,,,Contig_unplaced_37
GCA_037013685.1,Primary Assembly,Un,,,JAQOXP010000107.1,Chromosome,,,unplaced-scaffold,5670,,,Contig_unplaced_38
GCA_037013685.1,Primary Assembly,Un,,,JAQOXP010000108.1,Chromosome,,,unplaced-scaffold,5517,,,Contig_unplaced_39
GCA_037013685.1,Primary Assembly,Un,,,JAQOXP010000109.1,Chromosome,,,unplaced-scaffold,5290,,,Contig_unplaced_40
GCA_037013685.1,Primary Assembly,Un,,,JAQOXP010000110.1,Chromosome,,,unplaced-scaffold,5183,,,Contig_unplaced_41
GCA_037013685.1,Primary Assembly,Un,,,JAQOXP010000111.1,Chromosome,,,unplaced-scaffold,5159,,,Contig_unplaced_42
GCA_037013685.1,Primary Assembly,Un,,,JAQOXP010000112.1,Chromosome,,,unplaced-scaffold,4721,,,Contig_unplaced_43
GCA_037013685.1,Primary Assembly,Un,,,JAQOXP010000113.1,Chromosome,,,unplaced-scaffold,4678,,,Contig_unplaced_44
GCA_037013685.1,Primary Assembly,Un,,,JAQOXP010000114.1,Chromosome,,,unplaced-scaffold,4526,,,Contig_unplaced_45
GCA_037013685.1,Primary Assembly,Un,,,JAQOXP010000115.1,Chromosome,,,unplaced-scaffold,4463,,,Contig_unplaced_46
GCA_037013685.1,Primary Assembly,Un,,,JAQOXP010000116.1,Chromosome,,,unplaced-scaffold,4459,,,Contig_unplaced_47
GCA_037013685.1,Primary Assembly,Un,,,JAQOXP010000117.1,Chromosome,,,unplaced-scaffold,4364,,,Contig_unplaced_48
GCA_037013685.1,Primary Assembly,Un,,,JAQOXP010000118.1,Chromosome,,,unplaced-scaffold,4222,,,Contig_unplaced_49
GCA_037013685.1,Primary Assembly,Un,,,JAQOXP010000119.1,Chromosome,,,unplaced-scaffold,4221,,,Contig_unplaced_50
GCA_037013685.1,Primary Assembly,Un,,,JAQOXP010000120.1,Chromosome,,,unplaced-scaffold,4149,,,Contig_unplaced_51
GCA_037013685.1,Primary Assembly,Un,,,JAQOXP010000121.1,Chromosome,,,unplaced-scaffold,4018,,,Contig_unplaced_52
GCA_037013685.1,Primary Assembly,Un,,,JAQOXP010000122.1,Chromosome,,,unplaced-scaffold,3746,,,Contig_unplaced_53
GCA_037013685.1,Primary Assembly,Un,,,JAQOXP010000123.1,Chromosome,,,unplaced-scaffold,3633,,,Contig_unplaced_54
GCA_037013685.1,Primary Assembly,Un,,,JAQOXP010000124.1,Chromosome,,,unplaced-scaffold,3556,,,Contig_unplaced_55
GCA_037013685.1,Primary Assembly,Un,,,JAQOXP010000125.1,Chromosome,,,unplaced-scaffold,3546,,,Contig_unplaced_56
GCA_037013685.1,Primary Assembly,Un,,,JAQOXP010000126.1,Chromosome,,,unplaced-scaffold,3524,,,Contig_unplaced_57
GCA_037013685.1,Primary Assembly,Un,,,JAQOXP010000127.1,Chromosome,,,unplaced-scaffold,3453,,,Contig_unplaced_58
GCA_037013685.1,Primary Assembly,Un,,,JAQOXP010000128.1,Chromosome,,,unplaced-scaffold,3419,,,Contig_unplaced_59
GCA_037013685.1,Primary Assembly,Un,,,JAQOXP010000129.1,Chromosome,,,unplaced-scaffold,3385,,,Contig_unplaced_60
GCA_037013685.1,Primary Assembly,Un,,,JAQOXP010000130.1,Chromosome,,,unplaced-scaffold,3377,,,Contig_unplaced_61
GCA_037013685.1,Primary Assembly,Un,,,JAQOXP010000131.1,Chromosome,,,unplaced-scaffold,3361,,,Contig_unplaced_62
GCA_037013685.1,Primary Assembly,Un,,,JAQOXP010000132.1,Chromosome,,,unplaced-scaffold,3297,,,Contig_unplaced_63
GCA_037013685.1,Primary Assembly,Un,,,JAQOXP010000133.1,Chromosome,,,unplaced-scaffold,3236,,,Contig_unplaced_64
GCA_037013685.1,Primary Assembly,Un,,,JAQOXP010000134.1,Chromosome,,,unplaced-scaffold,3126,,,Contig_unplaced_65
GCA_037013685.1,Primary Assembly,Un,,,JAQOXP010000135.1,Chromosome,,,unplaced-scaffold,3025,,,Contig_unplaced_66
GCA_037013685.1,Primary Assembly,Un,,,JAQOXP010000136.1,Chromosome,,,unplaced-scaffold,3006,,,Contig_unplaced_67
GCA_037013685.1,Primary Assembly,Un,,,JAQOXP010000137.1,Chromosome,,,unplaced-scaffold,2980,,,Contig_unplaced_68
GCA_037013685.1,Primary Assembly,Un,,,JAQOXP010000138.1,Chromosome,,,unplaced-scaffold,2970,,,Contig_unplaced_69
GCA_037013685.1,Primary Assembly,Un,,,JAQOXP010000139.1,Chromosome,,,unplaced-scaffold,2941,,,Contig_unplaced_70
GCA_037013685.1,Primary Assembly,Un,,,JAQOXP010000140.1,Chromosome,,,unplaced-scaffold,2938,,,Contig_unplaced_71
GCA_037013685.1,Primary Assembly,Un,,,JAQOXP010000141.1,Chromosome,,,unplaced-scaffold,2777,,,Contig_unplaced_72
GCA_037013685.1,Primary Assembly,Un,,,JAQOXP010000142.1,Chromosome,,,unplaced-scaffold,2676,,,Contig_unplaced_73
GCA_037013685.1,Primary Assembly,Un,,,JAQOXP010000143.1,Chromosome,,,unplaced-scaffold,2614,,,Contig_unplaced_74
GCA_037013685.1,Primary Assembly,Un,,,JAQOXP010000144.1,Chromosome,,,unplaced-scaffold,2612,,,Contig_unplaced_75
GCA_037013685.1,Primary Assembly,Un,,,JAQOXP010000145.1,Chromosome,,,unplaced-scaffold,2602,,,Contig_unplaced_76
GCA_037013685.1,Primary Assembly,Un,,,JAQOXP010000146.1,Chromosome,,,unplaced-scaffold,2601,,,Contig_unplaced_77
GCA_037013685.1,Primary Assembly,Un,,,JAQOXP010000147.1,Chromosome,,,unplaced-scaffold,2601,,,Contig_unplaced_78
GCA_037013685.1,Primary Assembly,Un,,,JAQOXP010000148.1,Chromosome,,,unplaced-scaffold,2528,,,Contig_unplaced_79
GCA_037013685.1,Primary Assembly,Un,,,JAQOXP010000149.1,Chromosome,,,unplaced-scaffold,2438,,,Contig_unplaced_80
GCA_037013685.1,Primary Assembly,Un,,,JAQOXP010000150.1,Chromosome,,,unplaced-scaffold,2351,,,Contig_unplaced_81
GCA_037013685.1,Primary Assembly,Un,,,JAQOXP010000151.1,Chromosome,,,unplaced-scaffold,2307,,,Contig_unplaced_82
GCA_037013685.1,Primary Assembly,Un,,,JAQOXP010000152.1,Chromosome,,,unplaced-scaffold,2305,,,Contig_unplaced_83
GCA_037013685.1,Primary Assembly,Un,,,JAQOXP010000153.1,Chromosome,,,unplaced-scaffold,2284,,,Contig_unplaced_84
GCA_037013685.1,Primary Assembly,Un,,,JAQOXP010000154.1,Chromosome,,,unplaced-scaffold,2193,,,Contig_unplaced_85
GCA_037013685.1,Primary Assembly,Un,,,JAQOXP010000155.1,Chromosome,,,unplaced-scaffold,2171,,,Contig_unplaced_86
GCA_037013685.1,Primary Assembly,Un,,,JAQOXP010000156.1,Chromosome,,,unplaced-scaffold,2150,,,Contig_unplaced_87
GCA_037013685.1,Primary Assembly,Un,,,JAQOXP010000157.1,Chromosome,,,unplaced-scaffold,2136,,,Contig_unplaced_88
GCA_037013685.1,Primary Assembly,Un,,,JAQOXP010000158.1,Chromosome,,,unplaced-scaffold,2135,,,Contig_unplaced_89
GCA_037013685.1,Primary Assembly,Un,,,JAQOXP010000159.1,Chromosome,,,unplaced-scaffold,2118,,,Contig_unplaced_90
GCA_037013685.1,Primary Assembly,Un,,,JAQOXP010000160.1,Chromosome,,,unplaced-scaffold,2115,,,Contig_unplaced_91
GCA_037013685.1,Primary Assembly,Un,,,JAQOXP010000161.1,Chromosome,,,unplaced-scaffold,2110,,,Contig_unplaced_92
GCA_037013685.1,Primary Assembly,Un,,,JAQOXP010000162.1,Chromosome,,,unplaced-scaffold,2089,,,Contig_unplaced_93
GCA_037013685.1,Primary Assembly,Un,,,JAQOXP010000163.1,Chromosome,,,unplaced-scaffold,2081,,,Contig_unplaced_94
GCA_037013685.1,Primary Assembly,Un,,,JAQOXP010000164.1,Chromosome,,,unplaced-scaffold,2066,,,Contig_unplaced_95
GCA_037013685.1,Primary Assembly,Un,,,JAQOXP010000165.1,Chromosome,,,unplaced-scaffold,2013,,,Contig_unplaced_96
GCA_037013685.1,Primary Assembly,Un,,,JAQOXP010000166.1,Chromosome,,,unplaced-scaffold,2008,,,Contig_unplaced_97
GCA_037013685.1,Primary Assembly,Un,,,JAQOXP010000167.1,Chromosome,,,unplaced-scaffold,1923,,,Contig_unplaced_98
GCA_037013685.1,Primary Assembly,Un,,,JAQOXP010000168.1,Chromosome,,,unplaced-scaffold,1885,,,Contig_unplaced_99
GCA_037013685.1,Primary Assembly,Un,,,JAQOXP010000169.1,Chromosome,,,unplaced-scaffold,1877,,,Contig_unplaced_100
GCA_037013685.1,Primary Assembly,Un,,,JAQOXP010000170.1,Chromosome,,,unplaced-scaffold,1872,,,Contig_unplaced_101
GCA_037013685.1,Primary Assembly,Un,,,JAQOXP010000171.1,Chromosome,,,unplaced-scaffold,1835,,,Contig_unplaced_102
GCA_037013685.1,Primary Assembly,Un,,,JAQOXP010000172.1,Chromosome,,,unplaced-scaffold,1799,,,Contig_unplaced_103
GCA_037013685.1,Primary Assembly,Un,,,JAQOXP010000173.1,Chromosome,,,unplaced-scaffold,1782,,,Contig_unplaced_104
GCA_037013685.1,Primary Assembly,Un,,,JAQOXP010000174.1,Chromosome,,,unplaced-scaffold,1765,,,Contig_unplaced_105
GCA_037013685.1,Primary Assembly,Un,,,JAQOXP010000175.1,Chromosome,,,unplaced-scaffold,1765,,,Contig_unplaced_106
GCA_037013685.1,Primary Assembly,Un,,,JAQOXP010000176.1,Chromosome,,,unplaced-scaffold,1765,,,Contig_unplaced_107
GCA_037013685.1,Primary Assembly,Un,,,JAQOXP010000177.1,Chromosome,,,unplaced-scaffold,1763,,,Contig_unplaced_108
GCA_037013685.1,Primary Assembly,Un,,,JAQOXP010000178.1,Chromosome,,,unplaced-scaffold,1698,,,Contig_unplaced_109
GCA_037013685.1,Primary Assembly,Un,,,JAQOXP010000179.1,Chromosome,,,unplaced-scaffold,1694,,,Contig_unplaced_110
GCA_037013685.1,Primary Assembly,Un,,,JAQOXP010000180.1,Chromosome,,,unplaced-scaffold,1692,,,Contig_unplaced_111
GCA_037013685.1,Primary Assembly,Un,,,JAQOXP010000181.1,Chromosome,,,unplaced-scaffold,1629,,,Contig_unplaced_112
GCA_037013685.1,Primary Assembly,Un,,,JAQOXP010000182.1,Chromosome,,,unplaced-scaffold,1620,,,Contig_unplaced_113
GCA_037013685.1,Primary Assembly,Un,,,JAQOXP010000183.1,Chromosome,,,unplaced-scaffold,1607,,,Contig_unplaced_114
GCA_037013685.1,Primary Assembly,Un,,,JAQOXP010000184.1,Chromosome,,,unplaced-scaffold,1592,,,Contig_unplaced_115
GCA_037013685.1,Primary Assembly,Un,,,JAQOXP010000185.1,Chromosome,,,unplaced-scaffold,1586,,,Contig_unplaced_116
GCA_037013685.1,Primary Assembly,Un,,,JAQOXP010000186.1,Chromosome,,,unplaced-scaffold,1566,,,Contig_unplaced_117
GCA_037013685.1,Primary Assembly,Un,,,JAQOXP010000187.1,Chromosome,,,unplaced-scaffold,1563,,,Contig_unplaced_118
GCA_037013685.1,Primary Assembly,Un,,,JAQOXP010000188.1,Chromosome,,,unplaced-scaffold,1556,,,Contig_unplaced_119
GCA_037013685.1,Primary Assembly,Un,,,JAQOXP010000189.1,Chromosome,,,unplaced-scaffold,1548,,,Contig_unplaced_120
GCA_037013685.1,Primary Assembly,Un,,,JAQOXP010000190.1,Chromosome,,,unplaced-scaffold,1542,,,Contig_unplaced_121
GCA_037013685.1,Primary Assembly,Un,,,JAQOXP010000191.1,Chromosome,,,unplaced-scaffold,1521,,,Contig_unplaced_122
GCA_037013685.1,Primary Assembly,Un,,,JAQOXP010000192.1,Chromosome,,,unplaced-scaffold,1506,,,Contig_unplaced_123
GCA_037013685.1,Primary Assembly,Un,,,JAQOXP010000193.1,Chromosome,,,unplaced-scaffold,1486,,,Contig_unplaced_124
GCA_037013685.1,Primary Assembly,Un,,,JAQOXP010000194.1,Chromosome,,,unplaced-scaffold,1485,,,Contig_unplaced_125
GCA_037013685.1,Primary Assembly,Un,,,JAQOXP010000195.1,Chromosome,,,unplaced-scaffold,1480,,,Contig_unplaced_126
GCA_037013685.1,Primary Assembly,Un,,,JAQOXP010000196.1,Chromosome,,,unplaced-scaffold,1478,,,Contig_unplaced_127
GCA_037013685.1,Primary Assembly,Un,,,JAQOXP010000197.1,Chromosome,,,unplaced-scaffold,1473,,,Contig_unplaced_128
GCA_037013685.1,Primary Assembly,Un,,,JAQOXP010000198.1,Chromosome,,,unplaced-scaffold,1473,,,Contig_unplaced_129
GCA_037013685.1,Primary Assembly,Un,,,JAQOXP010000199.1,Chromosome,,,unplaced-scaffold,1457,,,Contig_unplaced_130
GCA_037013685.1,Primary Assembly,Un,,,JAQOXP010000200.1,Chromosome,,,unplaced-scaffold,1455,,,Contig_unplaced_131
GCA_037013685.1,Primary Assembly,Un,,,JAQOXP010000201.1,Chromosome,,,unplaced-scaffold,1449,,,Contig_unplaced_132
GCA_037013685.1,Primary Assembly,Un,,,JAQOXP010000202.1,Chromosome,,,unplaced-scaffold,1449,,,Contig_unplaced_133
GCA_037013685.1,Primary Assembly,Un,,,JAQOXP010000203.1,Chromosome,,,unplaced-scaffold,1445,,,Contig_unplaced_134
GCA_037013685.1,Primary Assembly,Un,,,JAQOXP010000204.1,Chromosome,,,unplaced-scaffold,1443,,,Contig_unplaced_135
GCA_037013685.1,Primary Assembly,Un,,,JAQOXP010000205.1,Chromosome,,,unplaced-scaffold,1441,,,Contig_unplaced_136
GCA_037013685.1,Primary Assembly,Un,,,JAQOXP010000206.1,Chromosome,,,unplaced-scaffold,1435,,,Contig_unplaced_137
GCA_037013685.1,Primary Assembly,Un,,,JAQOXP010000207.1,Chromosome,,,unplaced-scaffold,1435,,,Contig_unplaced_138
GCA_037013685.1,Primary Assembly,Un,,,JAQOXP010000208.1,Chromosome,,,unplaced-scaffold,1417,,,Contig_unplaced_139
GCA_037013685.1,Primary Assembly,Un,,,JAQOXP010000209.1,Chromosome,,,unplaced-scaffold,1408,,,Contig_unplaced_140
GCA_037013685.1,Primary Assembly,Un,,,JAQOXP010000210.1,Chromosome,,,unplaced-scaffold,1395,,,Contig_unplaced_141
GCA_037013685.1,Primary Assembly,Un,,,JAQOXP010000211.1,Chromosome,,,unplaced-scaffold,1388,,,Contig_unplaced_142
GCA_037013685.1,Primary Assembly,Un,,,JAQOXP010000212.1,Chromosome,,,unplaced-scaffold,1382,,,Contig_unplaced_143
GCA_037013685.1,Primary Assembly,Un,,,JAQOXP010000213.1,Chromosome,,,unplaced-scaffold,1376,,,Contig_unplaced_144
GCA_037013685.1,Primary Assembly,Un,,,JAQOXP010000214.1,Chromosome,,,unplaced-scaffold,1360,,,Contig_unplaced_145
GCA_037013685.1,Primary Assembly,Un,,,JAQOXP010000215.1,Chromosome,,,unplaced-scaffold,1359,,,Contig_unplaced_146
GCA_037013685.1,Primary Assembly,Un,,,JAQOXP010000216.1,Chromosome,,,unplaced-scaffold,1356,,,Contig_unplaced_147
GCA_037013685.1,Primary Assembly,Un,,,JAQOXP010000217.1,Chromosome,,,unplaced-scaffold,1347,,,Contig_unplaced_148
GCA_037013685.1,Primary Assembly,Un,,,JAQOXP010000218.1,Chromosome,,,unplaced-scaffold,1319,,,Contig_unplaced_149
GCA_037013685.1,Primary Assembly,Un,,,JAQOXP010000219.1,Chromosome,,,unplaced-scaffold,1307,,,Contig_unplaced_150
GCA_037013685.1,Primary Assembly,Un,,,JAQOXP010000220.1,Chromosome,,,unplaced-scaffold,1291,,,Contig_unplaced_151
GCA_037013685.1,Primary Assembly,Un,,,JAQOXP010000221.1,Chromosome,,,unplaced-scaffold,1284,,,Contig_unplaced_152
GCA_037013685.1,Primary Assembly,Un,,,JAQOXP010000222.1,Chromosome,,,unplaced-scaffold,1279,,,Contig_unplaced_153
GCA_037013685.1,Primary Assembly,Un,,,JAQOXP010000223.1,Chromosome,,,unplaced-scaffold,1276,,,Contig_unplaced_154
GCA_037013685.1,Primary Assembly,Un,,,JAQOXP010000224.1,Chromosome,,,unplaced-scaffold,1264,,,Contig_unplaced_155
GCA_037013685.1,Primary Assembly,Un,,,JAQOXP010000225.1,Chromosome,,,unplaced-scaffold,1237,,,Contig_unplaced_156
GCA_037013685.1,Primary Assembly,Un,,,JAQOXP010000226.1,Chromosome,,,unplaced-scaffold,1216,,,Contig_unplaced_157
GCA_037013685.1,Primary Assembly,Un,,,JAQOXP010000227.1,Chromosome,,,unplaced-scaffold,1209,,,Contig_unplaced_158
GCA_037013685.1,Primary Assembly,Un,,,JAQOXP010000228.1,Chromosome,,,unplaced-scaffold,1202,,,Contig_unplaced_159
GCA_037013685.1,Primary Assembly,Un,,,JAQOXP010000229.1,Chromosome,,,unplaced-scaffold,1182,,,Contig_unplaced_160
GCA_037013685.1,Primary Assembly,Un,,,JAQOXP010000230.1,Chromosome,,,unplaced-scaffold,1162,,,Contig_unplaced_161
GCA_037013685.1,Primary Assembly,Un,,,JAQOXP010000231.1,Chromosome,,,unplaced-scaffold,1152,,,Contig_unplaced_162
GCA_037013685.1,Primary Assembly,Un,,,JAQOXP010000232.1,Chromosome,,,unplaced-scaffold,1149,,,Contig_unplaced_163
GCA_037013685.1,Primary Assembly,Un,,,JAQOXP010000233.1,Chromosome,,,unplaced-scaffold,1147,,,Contig_unplaced_164
GCA_037013685.1,Primary Assembly,Un,,,JAQOXP010000234.1,Chromosome,,,unplaced-scaffold,1146,,,Contig_unplaced_165
GCA_037013685.1,Primary Assembly,Un,,,JAQOXP010000235.1,Chromosome,,,unplaced-scaffold,1139,,,Contig_unplaced_166
GCA_037013685.1,Primary Assembly,Un,,,JAQOXP010000236.1,Chromosome,,,unplaced-scaffold,1139,,,Contig_unplaced_167
GCA_037013685.1,Primary Assembly,Un,,,JAQOXP010000237.1,Chromosome,,,unplaced-scaffold,1138,,,Contig_unplaced_168
GCA_037013685.1,Primary Assembly,Un,,,JAQOXP010000238.1,Chromosome,,,unplaced-scaffold,1132,,,Contig_unplaced_169
GCA_037013685.1,Primary Assembly,Un,,,JAQOXP010000239.1,Chromosome,,,unplaced-scaffold,1124,,,Contig_unplaced_170
GCA_037013685.1,Primary Assembly,Un,,,JAQOXP010000240.1,Chromosome,,,unplaced-scaffold,1119,,,Contig_unplaced_171
GCA_037013685.1,Primary Assembly,Un,,,JAQOXP010000241.1,Chromosome,,,unplaced-scaffold,1116,,,Contig_unplaced_172
GCA_037013685.1,Primary Assembly,Un,,,JAQOXP010000242.1,Chromosome,,,unplaced-scaffold,1107,,,Contig_unplaced_173
GCA_037013685.1,Primary Assembly,Un,,,JAQOXP010000243.1,Chromosome,,,unplaced-scaffold,1091,,,Contig_unplaced_174
GCA_037013685.1,Primary Assembly,Un,,,JAQOXP010000244.1,Chromosome,,,unplaced-scaffold,1086,,,Contig_unplaced_175
GCA_037013685.1,Primary Assembly,Un,,,JAQOXP010000245.1,Chromosome,,,unplaced-scaffold,1076,,,Contig_unplaced_176
GCA_037013685.1,Primary Assembly,Un,,,JAQOXP010000246.1,Chromosome,,,unplaced-scaffold,1067,,,Contig_unplaced_177
GCA_037013685.1,Primary Assembly,Un,,,JAQOXP010000247.1,Chromosome,,,unplaced-scaffold,1066,,,Contig_unplaced_178
GCA_037013685.1,Primary Assembly,Un,,,JAQOXP010000248.1,Chromosome,,,unplaced-scaffold,1065,,,Contig_unplaced_179
GCA_037013685.1,Primary Assembly,Un,,,JAQOXP010000249.1,Chromosome,,,unplaced-scaffold,1059,,,Contig_unplaced_180
GCA_037013685.1,Primary Assembly,Un,,,JAQOXP010000250.1,Chromosome,,,unplaced-scaffold,1053,,,Contig_unplaced_181
GCA_037013685.1,Primary Assembly,Un,,,JAQOXP010000251.1,Chromosome,,,unplaced-scaffold,1045,,,Contig_unplaced_182
GCA_037013685.1,Primary Assembly,Un,,,JAQOXP010000252.1,Chromosome,,,unplaced-scaffold,1032,,,Contig_unplaced_183
GCA_037013685.1,Primary Assembly,Un,,,JAQOXP010000253.1,Chromosome,,,unplaced-scaffold,1028,,,Contig_unplaced_184
GCA_037013685.1,Primary Assembly,Un,,,JAQOXP010000254.1,Chromosome,,,unplaced-scaffold,1027,,,Contig_unplaced_185
GCA_037013685.1,Primary Assembly,Un,,,JAQOXP010000255.1,Chromosome,,,unplaced-scaffold,1010,,,Contig_unplaced_186
GCA_037013685.1,Primary Assembly,Un,,,JAQOXP010000256.1,Chromosome,,,unplaced-scaffold,1010,,,Contig_unplaced_187